﻿<?xml version="1.0" encoding="utf-8"?><ArrayOfEspecialista xmlns:xsi="http://www.w3.org/2001/XMLSchema-instance" xmlns:xsd="http://www.w3.org/2001/XMLSchema"><Especialista><id>1500</id><apellido>Sedgemond</apellido><nombre>Brennen</nombre><edad>30</edad><sexo>masculino</sexo><direccion>9927 Sauthoff Lane</direccion><campo>Psicologia</campo></Especialista><Especialista><id>1502</id><apellido>Grannell</apellido><nombre>Sibilla</nombre><edad>47</edad><sexo>femenino</sexo><direccion>626 Prentice Plaza</direccion><campo>Dermatologia</campo></Especialista><Especialista><id>1503</id><apellido>Plom</apellido><nombre>Shellysheldon</nombre><edad>38</edad><sexo>masculino</sexo><direccion>47091 Sheridan Alley</direccion><campo>Obtetricia</campo></Especialista><Especialista><id>1504</id><apellido>Murthwaite</apellido><nombre>Fletch</nombre><edad>52</edad><sexo>masculino</sexo><direccion>10722 Sachtjen Plaza</direccion><campo>Obtetricia</campo></Especialista><Especialista><id>1505</id><apellido>Pidgeon</apellido><nombre>Rowan</nombre><edad>58</edad><sexo>masculino</sexo><direccion>4017 Colorado Hill</direccion><campo>Dermatologia</campo></Especialista><Especialista><id>1506</id><apellido>Lynagh</apellido><nombre>Dominica</nombre><edad>46</edad><sexo>femenino</sexo><direccion>8645 Birchwood Pass</direccion><campo>Odontologia</campo></Especialista><Especialista><id>1507</id><apellido>McGairl</apellido><nombre>Maxie</nombre><edad>57</edad><sexo>femenino</sexo><direccion>4 Lighthouse Bay Park</direccion><campo>Oftalmologia</campo></Especialista><Especialista><id>1508</id><apellido>Popeley</apellido><nombre>Cosette</nombre><edad>20</edad><sexo>femenino</sexo><direccion>2 Carpenter Parkway</direccion><campo>Odontologia</campo></Especialista><Especialista><id>1509</id><apellido>Beves</apellido><nombre>Wheeler</nombre><edad>24</edad><sexo>masculino</sexo><direccion>80373 Red Cloud Hill</direccion><campo>Dermatologia</campo></Especialista><Especialista><id>1510</id><apellido>Prandy</apellido><nombre>Leontyne</nombre><edad>29</edad><sexo>femenino</sexo><direccion>92 Jenna Drive</direccion><campo>Dermatologia</campo></Especialista><Especialista><id>1511</id><apellido>Ranken</apellido><nombre>Sergio</nombre><edad>33</edad><sexo>masculino</sexo><direccion>930 Kedzie Lane</direccion><campo>Dermatologia</campo></Especialista><Especialista><id>1512</id><apellido>Beckhouse</apellido><nombre>Sebastian</nombre><edad>16</edad><sexo>masculino</sexo><direccion>28 Maple Wood Circle</direccion><campo>Odontologia</campo></Especialista><Especialista><id>1513</id><apellido>Sickert</apellido><nombre>Yuma</nombre><edad>45</edad><sexo>masculino</sexo><direccion>1 Acker Lane</direccion><campo>ClinicaGeneral</campo></Especialista><Especialista><id>1514</id><apellido>Leivesley</apellido><nombre>Yancy</nombre><edad>29</edad><sexo>masculino</sexo><direccion>77368 Bayside Circle</direccion><campo>ClinicaGeneral</campo></Especialista><Especialista><id>1515</id><apellido>Dunk</apellido><nombre>Aymer</nombre><edad>55</edad><sexo>masculino</sexo><direccion>9 Monterey Park</direccion><campo>ClinicaGeneral</campo></Especialista><Especialista><id>1516</id><apellido>Burtwell</apellido><nombre>Constantine</nombre><edad>24</edad><sexo>femenino</sexo><direccion>12399 Del Sol Road</direccion><campo>Odontologia</campo></Especialista><Especialista><id>1517</id><apellido>Burgot</apellido><nombre>Leela</nombre><edad>25</edad><sexo>femenino</sexo><direccion>28 Lunder Alley</direccion><campo>ClinicaGeneral</campo></Especialista><Especialista><id>1518</id><apellido>De Witt</apellido><nombre>Uriel</nombre><edad>22</edad><sexo>masculino</sexo><direccion>74 Cody Avenue</direccion><campo>Odontologia</campo></Especialista><Especialista><id>1519</id><apellido>Kitching</apellido><nombre>Billie</nombre><edad>46</edad><sexo>masculino</sexo><direccion>34 Bellgrove Center</direccion><campo>Odontologia</campo></Especialista></ArrayOfEspecialista>